,CPI,Core_CPI,PCE,Retail_Sales,Durable_Goods_Order,UNP,Wage_Growth,PPI,Industrial_Production,Trade_Balance
1/1/2010,-0.00160617,0.011770019,0.021214152,0.03238659,0.198107026,0.098,0.019,0.0625,0.009164855,-37744
2/1/2010,-0.001203986,0.010548474,0.02737035,0.036299982,0.21242458,0.098,0.021,0.069108092,0.018852201,-41504
3/1/2010,-0.000542163,0.009318385,0.039168338,0.080297639,0.244835057,0.099,0.017,0.090422368,0.042351126,-40271
4/1/2010,-1.07E-05,0.008760298,0.041933998,0.08525479,0.240602982,0.099,0.018,0.090479007,0.054445653,-41496
5/1/2010,0.000264819,0.007998678,0.042812206,0.063591691,0.272533583,0.096,0.013,0.081967213,0.079461717,-42088
6/1/2010,0.000200378,0.007848347,0.038457635,0.041820968,0.26275734,0.094,0.021,0.053991959,0.085094601,-47316
7/1/2010,0.000529548,0.007495932,0.038619099,0.042228915,0.22001939,0.094,0.019,0.067246377,0.076399811,-41609
8/1/2010,0.000608243,0.006956286,0.030287582,0.026366969,0.217513604,0.095,0.019,0.056571429,0.068406228,-45619
9/1/2010,0.00107238,0.006676136,0.040220391,0.062714055,0.277719073,0.095,0.019,0.062033314,0.062390093,-44333
10/1/2010,0.001130401,0.006752662,0.041065683,0.06550629,0.198445657,0.094,0.013,0.065068493,0.057077628,-40646
11/1/2010,0.001357155,0.00826002,0.044854141,0.067384038,0.229293288,0.098,0.018,0.058060879,0.053679173,-38739
12/1/2010,0.001314881,0.008371013,0.041621073,0.068969207,0.205158236,0.093,0.019,0.065131948,0.060492845,-41721
1/1/2011,0.001681342,0.009600371,0.045564384,0.076978459,0.124961329,0.091,0.019,0.059373282,0.047126899,-48123
2/1/2011,0.002231684,0.011238816,0.04430618,0.084893089,0.088351344,0.09,0.02,0.081767956,0.03906044,-44753
3/1/2011,0.002834055,0.011861014,0.045657739,0.069949425,0.167995257,0.09,0.018,0.086743044,0.042600611,-44312
4/1/2011,0.003078878,0.0121555,0.046138888,0.065982313,0.097213416,0.091,0.019,0.101409978,0.035302142,-42685
5/1/2011,0.003462913,0.012613949,0.045187449,0.075260975,0.090758798,0.09,0.024,0.104437229,0.022633094,-47725
6/1/2011,0.003706896,0.012990532,0.045302161,0.085115913,0.085701821,0.091,0.018,0.111171662,0.023362427,-49882
7/1/2011,0.004216379,0.014236275,0.045139802,0.081679019,0.101074099,0.09,0.022,0.111352526,0.02429102,-46070
8/1/2011,0.004694482,0.016569751,0.042999486,0.078169189,0.130172886,0.09,0.025,0.098972418,0.027076387,-45052
9/1/2011,0.004911127,0.017268145,0.044165351,0.080125159,0.013895767,0.09,0.016,0.101676582,0.023387726,-43477
10/1/2011,0.004876241,0.018413647,0.040100516,0.072834318,0.091849419,0.088,0.024,0.077706324,0.033353959,-45509
11/1/2011,0.004637267,0.018407168,0.035769054,0.065955887,0.092945305,0.086,0.02,0.072988812,0.032521448,-47460
12/1/2011,0.029873106,0.020478499,0.033120046,0.060624719,0.157057048,0.085,0.017,0.053241961,0.027875164,-49473
1/1/2012,0.029019547,0.021159285,0.036379027,0.061647424,0.109514035,0.083,0.021,0.041515309,0.03623986,-50126
2/1/2012,0.027994545,0.020181912,0.042369505,0.067497662,0.153595087,0.083,0.021,0.029622063,0.044120525,-42780
3/1/2012,0.025332169,0.021247577,0.0352364,0.061430952,0.041495102,0.082,0.019,0.025100402,0.027770211,-49749
4/1/2012,0.021796349,0.021937928,0.034396973,0.049804075,0.089198089,0.082,0.025,0.00295421,0.038885241,-46842
5/1/2012,0.015155466,0.021896843,0.031352486,0.049258309,0.060114881,0.082,0.02,-0.01077903,0.039538269,-45106
6/1/2012,0.013614932,0.022407468,0.027583499,0.030699559,0.079105462,0.082,0.023,-0.020107896,0.036675396,-42941
7/1/2012,0.010071544,0.022616531,0.02657572,0.036198684,0.073540381,0.082,0.02,-0.021994135,0.033855382,-42406
8/1/2012,0.013861234,0.021718632,0.028436416,0.048215602,-0.072674834,0.081,0.019,-0.00246063,0.023231041,-44030
9/1/2012,0.017974025,0.022199385,0.029870539,0.045206847,0.061131788,0.078,0.025,0.003436426,0.023258384,-38794
10/1/2012,0.020674953,0.022070705,0.030963908,0.040358719,0.040503038,0.078,0.02,0.011934361,0.019333824,-41467
11/1/2012,0.017321404,0.021959869,0.034385757,0.039595334,0.007734386,0.077,0.024,0.001986097,0.023436822,-45332
12/1/2012,0.017224162,0.021097305,0.033592782,0.041607683,0.028815869,0.079,0.026,0.008508509,0.020839181,-36334
1/1/2013,0.015612648,0.020682971,0.032633434,0.040600872,-0.009060048,0.08,0.021,0.00896861,0.014712903,-40135
2/1/2013,0.019470694,0.02146017,0.027604849,0.0419535,0.037778406,0.077,0.023,0.013392857,0.016245794,-41004
3/1/2013,0.013999114,0.020999025,0.026942213,0.029103716,-0.02236253,0.075,0.023,-0.000979432,0.025746465,-34314
4/1/2013,0.009742526,0.019354319,0.023832645,0.029543899,0.037422589,0.076,0.02,-0.000981836,0.01718088,-38487
5/1/2013,0.012787711,0.01907797,0.028600502,0.03857018,0.075902451,0.075,0.023,0.010896483,0.016119353,-41701
6/1/2013,0.017112485,0.018766189,0.032266283,0.052952671,0.134002988,0.075,0.02,0.022522523,0.017913574,-34426
7/1/2013,0.019376391,0.01867879,0.03229613,0.055020454,-0.012718766,0.073,0.025,0.021489255,0.012627415,-36356
8/1/2013,0.014749662,0.019142202,0.031711288,0.038376128,0.124544676,0.072,0.025,0.007400099,0.02260701,-36617
9/1/2013,0.011171461,0.018904211,0.03067004,0.030910994,0.097029284,0.072,0.02,-0.002446184,0.028803465,-39917
10/1/2013,0.009043331,0.018687356,0.032377395,0.031961716,0.0605461,0.072,0.021,-0.004914005,0.024377066,-36285
11/1/2013,0.012066733,0.018930866,0.03436091,0.030172628,0.12091732,0.069,0.02,-0.002973241,0.02279188,-33983
12/1/2013,0.015007052,0.018711904,0.036847566,0.033891604,0.031230866,0.067,0.025,0.00248139,0.022192826,-33636
1/1/2014,0.015790492,0.018218145,0.029007145,0.016995214,0.003707178,0.066,0.025,0.006419753,0.018289684,-37433
2/1/2014,0.0110457,0.017891863,0.030680661,0.016486159,-0.011555949,0.067,0.024,0.006852668,0.021130336,-40119
3/1/2014,0.014982152,0.018208567,0.038281326,0.035634641,0.084230061,0.067,0.024,0.014705882,0.027229841,-42940
4/1/2014,0.019539302,0.020251612,0.042655415,0.052532802,0.049175558,0.062,0.022,0.023587224,0.029067617,-43735
5/1/2014,0.021400564,0.021282345,0.042900297,0.046550082,-0.010465776,0.063,0.023,0.01910828,0.032331988,-39575
6/1/2014,0.020885765,0.021433409,0.045599591,0.045871411,-0.034454381,0.061,0.025,0.01957905,0.033818207,-38895
7/1/2014,0.020125924,0.021008094,0.046761515,0.039639857,0.358688797,0.062,0.024,0.017612524,0.039327456,-38935
8/1/2014,0.017234322,0.019625042,0.050593516,0.051089713,0.053747168,0.061,0.024,0.013712047,0.031659429,-36935
9/1/2014,0.016771341,0.01954047,0.047658987,0.046125749,-0.005718865,0.059,0.03,0.012260912,0.029373515,-41672
10/1/2014,0.016826962,0.020060187,0.049286832,0.045923247,0.000584652,0.057,0.029,0.004444444,0.030713479,-41067
11/1/2014,0.013365907,0.020043657,0.045094054,0.047250268,-0.06383774,0.058,0.029,-0.001491054,0.034683391,-39808
12/1/2014,0.007550086,0.019711259,0.043378877,0.030443696,-0.051158639,0.056,0.027,-0.024752475,0.032445454,-42838
1/1/2015,-0.001588267,0.01985653,0.042137354,0.032661222,0.003840335,0.057,0.033,-0.057899902,0.028249282,-38865
2/1/2015,-0.000791173,0.019819969,0.041222319,0.016805568,-0.056536145,0.055,0.03,-0.070977151,0.013825164,-33903
3/1/2015,-0.00100926,0.019991371,0.038712539,0.022626779,-0.025282394,0.054,0.033,-0.074879227,0.000464743,-48732
4/1/2015,-0.00226851,0.020631236,0.037985768,0.012217624,-0.048635565,0.054,0.036,-0.083533365,-0.005876721,-39836
5/1/2015,-0.000312727,0.020668869,0.039644965,0.019779322,-0.068633698,0.056,0.029,-0.070192308,-0.014437793,-38502
6/1/2015,0.001358807,0.021147326,0.037616868,0.018066323,-0.034902908,0.053,0.032,-0.06481037,-0.020667923,-42425
7/1/2015,0.001772963,0.021414477,0.038683176,0.025903531,-0.242520458,0.052,0.034,-0.067788462,-0.016642303,-40340
8/1/2015,0.001726237,0.021802398,0.034421756,0.016762775,-0.060945702,0.051,0.027,-0.07294686,-0.016677025,-44205
9/1/2015,-0.001078884,0.02279431,0.032940274,0.015755936,-0.078849311,0.05,0.029,-0.083817829,-0.022596176,-41641
10/1/2015,0.000904722,0.023462109,0.027369102,0.00985869,-0.029004997,0.05,0.03,-0.078171091,-0.027207707,-40873
11/1/2015,0.004166553,0.024052606,0.028078683,0.011784908,-0.015996911,0.051,0.034,-0.075659532,-0.040544113,-40451
12/1/2015,0.006329767,0.024436874,0.029422706,0.022673621,-0.030963751,0.05,0.029,-0.068527919,-0.045308271,-41003
1/1/2016,0.013437776,0.024667222,0.034085541,0.023870393,0.012381252,0.048,0.03,-0.048958333,-0.032756003,-40044
2/1/2016,0.009786325,0.025442092,0.036140501,0.033770488,-0.004273446,0.049,0.036,-0.051282051,-0.031695142,-43306
3/1/2016,0.00776307,0.02531878,0.029640033,0.014788282,-0.047975573,0.05,0.03,-0.049086162,-0.035682157,-36801
4/1/2016,0.010399025,0.02537996,0.032959022,0.018073275,0.01629417,0.051,0.036,-0.040335254,-0.027429774,-38048
5/1/2016,0.008903339,0.025711572,0.030736269,0.0135534,0.020985154,0.048,0.038,-0.04188211,-0.025115347,-39032
6/1/2016,0.008575992,0.025689022,0.034392545,0.024654015,-0.098080587,0.049,0.033,-0.036960986,-0.017422702,-41719
7/1/2016,0.006960404,0.025758512,0.031686467,0.014569327,-0.047036726,0.048,0.031,-0.031975245,-0.022443949,-39931
8/1/2016,0.009631855,0.027228064,0.031614527,0.014955428,-0.024255759,0.049,0.036,-0.027618551,-0.021683267,-40146
9/1/2016,0.014164271,0.026321032,0.037153652,0.02634459,-0.007100776,0.05,0.042,-0.011634056,-0.019782277,-37004
10/1/2016,0.016080193,0.025095184,0.038088246,0.032602355,0.031676711,0.049,0.04,-0.004266667,-0.01452183,-38555
11/1/2016,0.016710979,0.025258013,0.037816344,0.025176786,-0.029053876,0.047,0.036,0.003231018,-0.010991752,-43896
12/1/2016,0.020661931,0.02594944,0.044482814,0.03968994,0.005289648,0.047,0.03,0.025613079,0.000933909,-40976
1/1/2017,0.024940037,0.02661562,0.046938612,0.053900519,-0.041234631,0.047,0.031,0.044359255,-0.006606955,-43556
2/1/2017,0.027243233,0.0267446,0.042526584,0.044951166,0.020089408,0.046,0.035,0.056811914,-0.004866874,-39785
3/1/2017,0.023658182,0.02453344,0.048089655,0.045901722,0.020349077,0.044,0.036,0.051619989,0.008917341,-41124
4/1/2017,0.02189406,0.0225217,0.044221544,0.046062396,-0.026654903,0.044,0.034,0.05349345,0.015652976,-44227
5/1/2017,0.018654607,0.02155911,0.04103472,0.036003513,0.003013362,0.044,0.031,0.040474906,0.01910194,-43985
6/1/2017,0.016249882,0.0213853,0.038802312,0.029218122,0.139829343,0.043,0.031,0.031982942,0.016163683,-42579
7/1/2017,0.017182747,0.02146769,0.039712465,0.031067759,0.010730894,0.043,0.037,0.030900373,0.012735238,-43854
8/1/2017,0.019261017,0.02089832,0.039607135,0.03258853,0.018167402,0.044,0.035,0.038585209,0.009202535,-41391
9/1/2017,0.022135026,0.02106697,0.044424206,0.049583317,0.053696663,0.043,0.036,0.042268593,0.01124067,-41593
10/1/2017,0.020159235,0.02192819,0.045115412,0.048155335,-0.023134229,0.042,0.03,0.043920728,0.02294996,-42848
11/1/2017,0.021805374,0.02115031,0.050228806,0.061592052,0.065095496,0.042,0.031,0.051529791,0.029635407,-45463
12/1/2017,0.020919181,0.02125472,0.050761577,0.050805185,0.097874318,0.041,0.027,0.04303932,0.024496271,-46535
1/1/2018,0.020421877,0.02166305,0.048960096,0.036791429,0.036865349,0.04,0.031,0.037755637,0.026267552,-47072
2/1/2018,0.021751166,0.02131896,0.049685217,0.043801979,0.052521216,0.041,0.03,0.040187891,0.033864934,-48793
3/1/2018,0.023213615,0.02369197,0.049718795,0.043523224,0.088690131,0.04,0.039,0.04073107,0.032077508,-43508
4/1/2018,0.024067374,0.02493423,0.050815539,0.043911644,0.076041722,0.04,0.03,0.037823834,0.033383263,-46129
5/1/2018,0.027256566,0.02544991,0.055656359,0.062011292,0.086304386,0.038,0.028,0.053941909,0.022595942,-41421
6/1/2018,0.028006132,0.02553219,0.053322445,0.05101455,0.020473454,0.04,0.039,0.054752066,0.028598541,-44811
7/1/2018,0.02889804,0.02519634,0.053644267,0.057011382,0.072719058,0.038,0.033,0.055813953,0.032356359,-49673
8/1/2018,0.026513833,0.02432878,0.054112196,0.054093665,0.092484144,0.038,0.034,0.049535604,0.044313806,-49558
9/1/2018,0.022409828,0.02461933,0.044755651,0.029354901,0.073305192,0.037,0.036,0.045174538,0.043595881,-50563
10/1/2018,0.024860907,0.02414988,0.047265291,0.039451637,0.040998037,0.038,0.039,0.049769112,0.0291253,-52453
11/1/2018,0.021725383,0.02476794,0.045958082,0.033771068,0.006777849,0.038,0.041,0.032669729,0.027069012,-49401
12/1/2018,0.019492919,0.0246437,0.028208487,0.004031951,-0.006070791,0.039,0.035,0.023942944,0.02500855,-55212
1/1/2019,0.015939042,0.02385533,0.02810272,0.017009825,0.031630042,0.04,0.036,0.006063669,0.019518926,-49146
2/1/2019,0.015764221,0.02376648,0.027426176,0.011702486,-0.035702859,0.038,0.032,-0.000501756,0.010451469,-47264
3/1/2019,0.019336968,0.02399684,0.032400023,0.030476494,-0.029797112,0.038,0.037,0.007526342,0.005716711,-48467
4/1/2019,0.020993312,0.02407927,0.031788357,0.025584594,-0.055082038,0.036,0.039,0.00898652,-0.010631195,-49433
5/1/2019,0.019163349,0.0239723,0.031341244,0.020664831,-0.085441261,0.037,0.035,-0.00738189,0.000274438,-50303
6/1/2019,0.017643653,0.02421751,0.033078734,0.025886225,-0.085554689,0.036,0.041,-0.019098923,-0.006813486,-48518
7/1/2019,0.019178432,0.02460848,0.035564015,0.028017932,-0.031225961,0.037,0.039,-0.017621145,-0.012675476,-48289
8/1/2019,0.01837842,0.02629246,0.036513487,0.037060889,-0.072561938,0.037,0.032,-0.020648968,-0.01254123,-48565
9/1/2019,0.017814864,0.02606767,0.038365507,0.030282032,-0.091161292,0.035,0.038,-0.025540275,-0.015238465,-44542
10/1/2019,0.018353719,0.02733341,0.035567453,0.02159798,-0.061183864,0.036,0.036,-0.029325513,-0.022489001,-41804
11/1/2019,0.020898417,0.02768217,0.036412034,0.025078342,-0.083197718,0.036,0.037,-0.016312407,-0.017814303,-38956
12/1/2019,0.022775917,0.02746361,0.049083378,0.05142378,-0.097408643,0.036,0.036,-0.009950249,-0.020295285,-44107
1/1/2020,0.024916328,0.02797067,0.051624031,0.040962459,-0.017800113,0.035,0.039,0.00100452,-0.019310652,-43950
2/1/2020,0.023402931,0.02812936,0.049250824,0.040667229,0.033746538,0.035,0.036,-0.012550201,-0.011632882,-40611
3/1/2020,0.015307798,0.02647379,-0.031397251,-0.036383282,-0.152403253,0.044,0.03,-0.038346614,-0.050194207,-43967
4/1/2020,0.002859578,0.02226352,-0.143574515,-0.154644955,-0.294472843,0.147,0.034,-0.082137556,-0.172621301,-52981
5/1/2020,0.000512806,0.02084208,-0.075965079,-0.009185308,-0.18015806,0.132,0.041,-0.064947942,-0.160575361,-54700
6/1/2020,0.00581271,0.02058146,-0.025300183,0.057401483,-0.097812827,0.11,0.039,-0.045431852,-0.106614056,-49121
7/1/2020,0.009333359,0.02348857,-0.012900952,0.06192838,-0.031198847,0.102,0.036,-0.03836572,-0.068701751,-59470
8/1/2020,0.012645066,0.02288978,-0.006698472,0.060464096,-0.017623905,0.084,0.03,-0.024598394,-0.067013118,-62219
9/1/2020,0.013320038,0.02077391,0.006828987,0.089419329,0.016173632,0.079,0.037,-0.014616935,-0.065219957,-58182
10/1/2020,0.011309815,0.01842159,0.008125343,0.082407203,0.03775865,0.069,0.038,-0.010574018,-0.050914252,-61489
11/1/2020,0.011221551,0.01798587,-0.000190754,0.068252689,0.077612261,0.067,0.036,-0.003517588,-0.051803266,-64414
12/1/2020,0.013230121,0.01716599,0.004104116,0.084676917,0.08540438,0.067,0.029,0.007537688,-0.038363237,-61776
1/1/2021,0.013659149,0.01517012,0.015632066,0.119224077,0.064735723,0.063,0.035,0.027596588,-0.025579817,-62331
2/1/2021,0.01630144,0.01527009,0.009283829,0.089958745,0.047041504,0.062,0.036,0.070665989,-0.061580392,-64872
3/1/2021,0.025548871,0.01706984,0.135184514,0.280316107,0.2379955,0.061,0.03,0.11341274,0.004790759,-65941
4/1/2021,0.040911687,0.02262331,0.296508918,0.465747284,0.52780769,0.061,0.031,0.174663073,0.161832622,-65898
5/1/2021,0.049263122,0.02623164,0.199118584,0.226052623,0.376547662,0.058,0.03,0.192470838,0.153275672,-66379
6/1/2021,0.05308077,0.02588579,0.148384199,0.155477739,0.274594861,0.059,0.036,0.197175732,0.086794266,-70831
7/1/2021,0.052630889,0.02315464,0.130604616,0.118646467,0.158261292,0.054,0.045,0.201295337,0.053767639,-69338
8/1/2021,0.051738568,0.02343064,0.130104516,0.123501904,0.170089316,0.052,0.036,0.201312403,0.044191094,-71816
9/1/2021,0.05331813,0.02638383,0.118996929,0.111260715,0.125394813,0.048,0.045,0.205514066,0.03356482,-76771
10/1/2021,0.061689806,0.03035619,0.1299983,0.136004991,0.116072086,0.045,0.043,0.223740458,0.040188034,-67360
11/1/2021,0.067562908,0.0321432,0.140762343,0.15483863,0.134200579,0.042,0.041,0.226863338,0.04481583,-79379
12/1/2021,0.069858171,0.03484143,0.134943047,0.129875127,0.141017391,0.039,0.052,0.203680798,0.029707457,-80656
1/1/2022,0.074310893,0.03988659,0.122367468,0.120756158,0.11519791,0.04,0.061,0.203383789,0.022666718,-86503
2/1/2022,0.078314185,0.0430707,0.137240604,0.161072248,0.100274669,0.038,0.061,0.1997151,0.066078528,-86960
3/1/2022,0.084595243,0.04558423,0.098737993,0.070662434,0.09071914,0.036,0.057,0.209367442,0.044254298,-102536
4/1/2022,0.081966115,0.04721803,0.091862673,0.07744831,0.106285114,0.036,0.063,0.21757687,0.045851706,-86016
5/1/2022,0.085198957,0.04985582,0.094071743,0.088854941,0.093283955,0.036,0.065,0.214988884,0.036571566,-84075
6/1/2022,0.089683715,0.05422337,0.089486917,0.091155587,0.095140255,0.036,0.074,0.224338139,0.031923553,-80851
7/1/2022,0.084617217,0.05625329,0.087029745,0.105677382,0.088948627,0.035,0.063,0.174354108,0.030059996,-71672
8/1/2022,0.082149894,0.05991705,0.085038269,0.098779666,0.063102931,0.037,0.063,0.154792965,0.031050032,-67315
9/1/2022,0.081891084,0.06392795,0.085682576,0.085791772,0.082815524,0.035,0.065,0.136711954,0.045092236,-71726
10/1/2022,0.077466916,0.06364809,0.078326452,0.081060321,0.080274304,0.037,0.063,0.102285156,0.030974682,-78329
11/1/2022,0.071283444,0.06471178,0.068744923,0.052776387,0.031079568,0.036,0.065,0.081673086,0.018514365,-63818
12/1/2022,0.065166735,0.06617223,0.068122292,0.049285429,0.053094304,0.035,0.055,0.068613314,0.005935412,-71386
1/1/2023,0.063316671,0.065544925,0.079402674,0.053800128,0.01911397,0.034,0.062,0.055888952,0.015096607,-70776
2/1/2023,0.0590445,0.0659375,0.076283699,0.0393402,0.006070039,0.036,0.066,0.023782949,0.008758161,-70619
3/1/2023,0.048534547,0.064517083,0.062719431,0.008558511,0.040924731,0.035,0.065,-0.011353235,0.001768184,-60403
4/1/2023,0.048720597,0.063227487,0.060847463,0.002415301,0.043345204,0.034,0.051,-0.031668614,0.003462221,-73013
5/1/2023,0.039936776,0.060006056,0.058844508,0.010484511,0.056659887,0.037,0.065,-0.07165939,0.001431255,-66782
6/1/2023,0.029715878,0.056265287,0.053299145,0.003895355,0.08485477,0.036,0.053,-0.094169156,-0.003732728,-63718
7/1/2023,0.031607089,0.05456089,0.061430589,0.016033278,0.032045162,0.035,0.053,-0.067832404,0.001301235,-64718
8/1/2023,0.036965831,0.052173429,0.05779383,0.01975528,0.032188989,0.038,0.053,-0.04404072,0.000564734,-58657
9/1/2023,0.036503649,0.050087824,0.058941811,0.031867803,0.076775286,0.038,0.051,-0.033628471,-0.001584108,-61542
