"Date","SP500"
2018-01-02,2695.81005859375
2018-01-03,2713.06005859375
2018-01-04,2723.98999023438
2018-01-05,2743.14990234375
2018-01-08,2747.7099609375
2018-01-09,2751.2900390625
2018-01-10,2748.22998046875
2018-01-11,2767.56005859375
2018-01-12,2786.23999023438
2018-01-16,2776.419921875
2018-01-17,2802.56005859375
2018-01-18,2798.03002929688
2018-01-19,2810.30004882812
2018-01-22,2832.96997070312
2018-01-23,2839.1298828125
2018-01-24,2837.5400390625
2018-01-25,2839.25
2018-01-26,2872.8701171875
2018-01-29,2853.53002929688
2018-01-30,2822.42993164062
2018-01-31,2823.81005859375
2018-02-01,2821.97998046875
2018-02-02,2762.1298828125
2018-02-05,2648.93994140625
2018-02-06,2695.13989257812
2018-02-07,2681.65991210938
2018-02-08,2581
2018-02-09,2619.55004882812
2018-02-12,2656
2018-02-13,2662.93994140625
2018-02-14,2698.6298828125
2018-02-15,2731.19995117188
2018-02-16,2732.21997070312
2018-02-20,2716.26000976562
2018-02-21,2701.330078125
2018-02-22,2703.9599609375
2018-02-23,2747.30004882812
2018-02-26,2779.60009765625
2018-02-27,2744.28002929688
2018-02-28,2713.830078125
2018-03-01,2677.669921875
2018-03-02,2691.25
2018-03-05,2720.93994140625
2018-03-06,2728.1201171875
2018-03-07,2726.80004882812
2018-03-08,2738.96997070312
2018-03-09,2786.57006835938
2018-03-12,2783.02001953125
2018-03-13,2765.31005859375
2018-03-14,2749.47998046875
2018-03-15,2747.330078125
2018-03-16,2752.01000976562
2018-03-19,2712.919921875
2018-03-20,2716.93994140625
2018-03-21,2711.92993164062
2018-03-22,2643.68994140625
2018-03-23,2588.26000976562
2018-03-26,2658.55004882812
2018-03-27,2612.6201171875
2018-03-28,2605
2018-03-29,2640.8701171875
2018-04-02,2581.8798828125
2018-04-03,2614.44995117188
2018-04-04,2644.68994140625
2018-04-05,2662.84008789062
2018-04-06,2604.46997070312
2018-04-09,2613.15991210938
2018-04-10,2656.8701171875
2018-04-11,2642.18994140625
2018-04-12,2663.98999023438
2018-04-13,2656.30004882812
2018-04-16,2677.84008789062
2018-04-17,2706.38989257812
2018-04-18,2708.63989257812
2018-04-19,2693.1298828125
2018-04-20,2670.13989257812
2018-04-23,2670.2900390625
2018-04-24,2634.56005859375
2018-04-25,2639.39990234375
2018-04-26,2666.93994140625
2018-04-27,2669.90991210938
2018-04-30,2648.05004882812
2018-05-01,2654.80004882812
2018-05-02,2635.669921875
2018-05-03,2629.72998046875
2018-05-04,2663.419921875
2018-05-07,2672.6298828125
2018-05-08,2671.919921875
2018-05-09,2697.7900390625
2018-05-10,2723.07006835938
2018-05-11,2727.71997070312
2018-05-14,2730.1298828125
2018-05-15,2711.44995117188
2018-05-16,2722.4599609375
2018-05-17,2720.1298828125
2018-05-18,2712.96997070312
2018-05-21,2733.01000976562
2018-05-22,2724.43994140625
2018-05-23,2733.2900390625
2018-05-24,2727.76000976562
2018-05-25,2721.330078125
2018-05-29,2689.86010742188
2018-05-30,2724.01000976562
2018-05-31,2705.27001953125
2018-06-01,2734.6201171875
2018-06-04,2746.8701171875
2018-06-05,2748.80004882812
2018-06-06,2772.35009765625
2018-06-07,2770.3701171875
2018-06-08,2779.03002929688
2018-06-11,2782
2018-06-12,2786.85009765625
2018-06-13,2775.6298828125
2018-06-14,2782.48999023438
2018-06-15,2779.65991210938
2018-06-18,2773.75
2018-06-19,2762.59008789062
2018-06-20,2767.32006835938
2018-06-21,2749.76000976562
2018-06-22,2754.8798828125
2018-06-25,2717.07006835938
2018-06-26,2723.06005859375
2018-06-27,2699.6298828125
2018-06-28,2716.31005859375
2018-06-29,2718.3701171875
2018-07-02,2726.7099609375
2018-07-03,2713.21997070312
2018-07-05,2736.61010742188
2018-07-06,2759.82006835938
2018-07-09,2784.169921875
2018-07-10,2793.84008789062
2018-07-11,2774.02001953125
2018-07-12,2798.2900390625
2018-07-13,2801.31005859375
2018-07-16,2798.42993164062
2018-07-17,2809.55004882812
2018-07-18,2815.6201171875
2018-07-19,2804.48999023438
2018-07-20,2801.830078125
2018-07-23,2806.97998046875
2018-07-24,2820.39990234375
2018-07-25,2846.07006835938
2018-07-26,2837.43994140625
2018-07-27,2818.82006835938
2018-07-30,2802.60009765625
2018-07-31,2816.2900390625
2018-08-01,2813.36010742188
2018-08-02,2827.21997070312
2018-08-03,2840.35009765625
2018-08-06,2850.39990234375
2018-08-07,2858.44995117188
2018-08-08,2857.69995117188
2018-08-09,2853.580078125
2018-08-10,2833.28002929688
2018-08-13,2821.92993164062
2018-08-14,2839.9599609375
2018-08-15,2818.3701171875
2018-08-16,2840.68994140625
2018-08-17,2850.1298828125
2018-08-20,2857.05004882812
2018-08-21,2862.9599609375
2018-08-22,2861.82006835938
2018-08-23,2856.97998046875
2018-08-24,2874.68994140625
2018-08-27,2896.73999023438
2018-08-28,2897.52001953125
2018-08-29,2914.0400390625
2018-08-30,2901.1298828125
2018-08-31,2901.52001953125
2018-09-04,2896.71997070312
2018-09-05,2888.60009765625
2018-09-06,2878.05004882812
2018-09-07,2871.67993164062
2018-09-10,2877.1298828125
2018-09-11,2887.88989257812
2018-09-12,2888.919921875
2018-09-13,2904.17993164062
2018-09-14,2904.97998046875
2018-09-17,2888.80004882812
2018-09-18,2904.31005859375
2018-09-19,2907.94995117188
2018-09-20,2930.75
2018-09-21,2929.669921875
2018-09-24,2919.3701171875
2018-09-25,2915.56005859375
2018-09-26,2905.96997070312
2018-09-27,2914
2018-09-28,2913.97998046875
2018-10-01,2924.59008789062
2018-10-02,2923.42993164062
2018-10-03,2925.51000976562
2018-10-04,2901.61010742188
2018-10-05,2885.57006835938
2018-10-08,2884.42993164062
2018-10-09,2880.34008789062
2018-10-10,2785.67993164062
2018-10-11,2728.3701171875
2018-10-12,2767.1298828125
2018-10-15,2750.7900390625
2018-10-16,2809.919921875
2018-10-17,2809.2099609375
2018-10-18,2768.78002929688
2018-10-19,2767.78002929688
2018-10-22,2755.8798828125
2018-10-23,2740.68994140625
2018-10-24,2656.10009765625
2018-10-25,2705.57006835938
2018-10-26,2658.68994140625
2018-10-29,2641.25
2018-10-30,2682.6298828125
2018-10-31,2711.73999023438
2018-11-01,2740.3701171875
2018-11-02,2723.06005859375
2018-11-05,2738.31005859375
2018-11-06,2755.44995117188
2018-11-07,2813.88989257812
2018-11-08,2806.830078125
2018-11-09,2781.01000976562
2018-11-12,2726.21997070312
2018-11-13,2722.17993164062
2018-11-14,2701.580078125
2018-11-15,2730.19995117188
2018-11-16,2736.27001953125
2018-11-19,2690.72998046875
2018-11-20,2641.88989257812
2018-11-21,2649.92993164062
2018-11-23,2632.56005859375
2018-11-26,2673.44995117188
2018-11-27,2682.169921875
2018-11-28,2743.7900390625
2018-11-29,2737.80004882812
2018-11-30,2760.169921875
2018-12-03,2790.3701171875
2018-12-04,2700.06005859375
2018-12-06,2695.94995117188
2018-12-07,2633.080078125
2018-12-10,2637.71997070312
2018-12-11,2636.78002929688
2018-12-12,2651.07006835938
2018-12-13,2650.5400390625
2018-12-14,2599.94995117188
2018-12-17,2545.93994140625
2018-12-18,2546.15991210938
2018-12-19,2506.9599609375
2018-12-20,2467.419921875
2018-12-21,2416.6201171875
2018-12-24,2351.10009765625
2018-12-26,2467.69995117188
2018-12-27,2488.830078125
2018-12-28,2485.73999023438
2018-12-31,2506.85009765625
2019-01-02,2510.03002929688
2019-01-03,2447.88989257812
2019-01-04,2531.93994140625
2019-01-07,2549.68994140625
2019-01-08,2574.40991210938
2019-01-09,2584.9599609375
2019-01-10,2596.63989257812
2019-01-11,2596.26000976562
2019-01-14,2582.61010742188
2019-01-15,2610.30004882812
2019-01-16,2616.10009765625
2019-01-17,2635.9599609375
2019-01-18,2670.7099609375
2019-01-22,2632.89990234375
2019-01-23,2638.69995117188
2019-01-24,2642.330078125
2019-01-25,2664.76000976562
2019-01-28,2643.85009765625
2019-01-29,2640
2019-01-30,2681.05004882812
2019-01-31,2704.10009765625
2019-02-01,2706.53002929688
2019-02-04,2724.8701171875
2019-02-05,2737.69995117188
2019-02-06,2731.61010742188
2019-02-07,2706.05004882812
2019-02-08,2707.8798828125
2019-02-11,2709.80004882812
2019-02-12,2744.72998046875
2019-02-13,2753.03002929688
2019-02-14,2745.72998046875
2019-02-15,2775.60009765625
2019-02-19,2779.76000976562
2019-02-20,2784.69995117188
2019-02-21,2774.8798828125
2019-02-22,2792.669921875
2019-02-25,2796.11010742188
2019-02-26,2793.89990234375
2019-02-27,2792.3798828125
2019-02-28,2784.48999023438
2019-03-01,2803.68994140625
2019-03-04,2792.81005859375
2019-03-05,2789.64990234375
2019-03-06,2771.44995117188
2019-03-07,2748.92993164062
2019-03-08,2743.07006835938
2019-03-11,2783.30004882812
2019-03-12,2791.52001953125
2019-03-13,2810.919921875
2019-03-14,2808.47998046875
2019-03-15,2822.47998046875
2019-03-18,2832.93994140625
2019-03-19,2832.57006835938
2019-03-20,2824.22998046875
2019-03-21,2854.8798828125
2019-03-22,2800.7099609375
2019-03-25,2798.36010742188
2019-03-26,2818.4599609375
2019-03-27,2805.3701171875
2019-03-28,2815.43994140625
2019-03-29,2834.39990234375
2019-04-01,2867.18994140625
2019-04-02,2867.23999023438
2019-04-03,2873.39990234375
2019-04-04,2879.38989257812
2019-04-05,2892.73999023438
2019-04-08,2895.77001953125
2019-04-09,2878.19995117188
2019-04-10,2888.2099609375
2019-04-11,2888.32006835938
2019-04-12,2907.40991210938
2019-04-15,2905.580078125
2019-04-16,2907.06005859375
2019-04-17,2900.44995117188
2019-04-18,2905.03002929688
2019-04-22,2907.96997070312
2019-04-23,2933.67993164062
2019-04-24,2927.25
2019-04-25,2926.169921875
2019-04-26,2939.8798828125
2019-04-29,2943.03002929688
2019-04-30,2945.830078125
2019-05-01,2923.72998046875
2019-05-02,2917.52001953125
2019-05-03,2945.63989257812
2019-05-06,2932.46997070312
2019-05-07,2884.05004882812
2019-05-08,2879.419921875
2019-05-09,2870.71997070312
2019-05-10,2881.39990234375
2019-05-13,2811.8701171875
2019-05-14,2834.40991210938
2019-05-15,2850.9599609375
2019-05-16,2876.32006835938
2019-05-17,2859.53002929688
2019-05-20,2840.22998046875
2019-05-21,2864.36010742188
2019-05-22,2856.27001953125
2019-05-23,2822.23999023438
2019-05-24,2826.06005859375
2019-05-28,2802.38989257812
2019-05-29,2783.02001953125
2019-05-30,2788.86010742188
2019-05-31,2752.06005859375
2019-06-03,2744.44995117188
2019-06-04,2803.27001953125
2019-06-05,2826.14990234375
2019-06-06,2843.48999023438
2019-06-07,2873.34008789062
2019-06-10,2886.72998046875
2019-06-11,2885.71997070312
2019-06-12,2879.84008789062
2019-06-13,2891.63989257812
2019-06-14,2886.97998046875
2019-06-17,2889.669921875
2019-06-18,2917.75
2019-06-19,2926.4599609375
2019-06-20,2954.17993164062
2019-06-21,2950.4599609375
2019-06-24,2945.35009765625
2019-06-25,2917.3798828125
2019-06-26,2913.78002929688
2019-06-27,2924.919921875
2019-06-28,2941.76000976562
2019-07-01,2964.330078125
2019-07-02,2973.01000976562
2019-07-03,2995.82006835938
2019-07-05,2990.40991210938
2019-07-08,2975.94995117188
2019-07-09,2979.6298828125
2019-07-10,2993.07006835938
2019-07-11,2999.90991210938
2019-07-12,3013.77001953125
2019-07-15,3014.30004882812
2019-07-16,3004.0400390625
2019-07-17,2984.419921875
2019-07-18,2995.11010742188
2019-07-19,2976.61010742188
2019-07-22,2985.03002929688
2019-07-23,3005.46997070312
2019-07-24,3019.56005859375
2019-07-25,3003.669921875
2019-07-26,3025.86010742188
2019-07-29,3020.96997070312
2019-07-30,3013.17993164062
2019-07-31,2980.3798828125
2019-08-01,2953.56005859375
2019-08-02,2932.05004882812
2019-08-05,2844.73999023438
2019-08-06,2881.77001953125
2019-08-07,2883.97998046875
2019-08-08,2938.09008789062
2019-08-09,2918.64990234375
2019-08-12,2882.69995117188
2019-08-13,2926.32006835938
2019-08-14,2840.60009765625
2019-08-15,2847.60009765625
2019-08-16,2888.67993164062
2019-08-19,2923.64990234375
2019-08-20,2900.51000976562
2019-08-21,2924.42993164062
2019-08-22,2922.94995117188
2019-08-23,2847.11010742188
2019-08-26,2878.3798828125
2019-08-27,2869.15991210938
2019-08-28,2887.93994140625
2019-08-29,2924.580078125
2019-08-30,2926.4599609375
2019-09-03,2906.27001953125
2019-09-04,2937.78002929688
2019-09-05,2976
2019-09-06,2978.7099609375
2019-09-09,2978.42993164062
2019-09-10,2979.38989257812
2019-09-11,3000.92993164062
2019-09-12,3009.57006835938
2019-09-13,3007.38989257812
2019-09-16,2997.9599609375
2019-09-17,3005.69995117188
2019-09-18,3006.72998046875
2019-09-19,3006.7900390625
2019-09-20,2992.07006835938
2019-09-23,2991.78002929688
2019-09-24,2966.60009765625
2019-09-25,2984.8701171875
2019-09-26,2977.6201171875
2019-09-27,2961.7900390625
2019-09-30,2976.73999023438
2019-10-01,2940.25
2019-10-02,2887.61010742188
2019-10-03,2910.6298828125
2019-10-04,2952.01000976562
2019-10-07,2938.7900390625
2019-10-08,2893.06005859375
2019-10-09,2919.39990234375
2019-10-10,2938.1298828125
2019-10-11,2970.27001953125
2019-10-14,2966.14990234375
2019-10-15,2995.67993164062
2019-10-16,2989.68994140625
2019-10-17,2997.94995117188
2019-10-18,2986.19995117188
2019-10-21,3006.71997070312
2019-10-22,2995.98999023438
2019-10-23,3004.52001953125
2019-10-24,3010.2900390625
2019-10-25,3022.55004882812
2019-10-28,3039.419921875
2019-10-29,3036.88989257812
2019-10-30,3046.77001953125
2019-10-31,3037.56005859375
2019-11-01,3066.90991210938
2019-11-04,3078.27001953125
2019-11-05,3074.6201171875
2019-11-06,3076.78002929688
2019-11-07,3085.17993164062
2019-11-08,3093.080078125
2019-11-11,3087.01000976562
2019-11-12,3091.84008789062
2019-11-13,3094.0400390625
2019-11-14,3096.6298828125
2019-11-15,3120.4599609375
2019-11-18,3122.03002929688
2019-11-19,3120.17993164062
2019-11-20,3108.4599609375
2019-11-21,3103.5400390625
2019-11-22,3110.2900390625
2019-11-25,3133.63989257812
2019-11-26,3140.52001953125
2019-11-27,3153.6298828125
2019-11-29,3140.97998046875
2019-12-02,3113.8701171875
2019-12-03,3093.19995117188
2019-12-04,3112.76000976562
2019-12-05,3117.42993164062
2019-12-06,3145.90991210938
2019-12-09,3135.9599609375
2019-12-10,3132.52001953125
2019-12-11,3141.6298828125
2019-12-12,3168.57006835938
2019-12-13,3168.80004882812
2019-12-16,3191.44995117188
2019-12-17,3192.52001953125
2019-12-18,3191.13989257812
2019-12-19,3205.3701171875
2019-12-20,3221.21997070312
2019-12-23,3224.01000976562
2019-12-24,3223.3798828125
2019-12-26,3239.90991210938
2019-12-27,3240.02001953125
2019-12-30,3221.2900390625
2019-12-31,3230.78002929688
2020-01-02,3257.85009765625
2020-01-03,3234.85009765625
2020-01-06,3246.28002929688
2020-01-07,3237.17993164062
2020-01-08,3253.05004882812
2020-01-09,3274.69995117188
2020-01-10,3265.35009765625
2020-01-13,3288.1298828125
2020-01-14,3283.14990234375
2020-01-15,3289.2900390625
2020-01-16,3316.81005859375
2020-01-17,3329.6201171875
2020-01-21,3320.7900390625
2020-01-22,3321.75
2020-01-23,3325.5400390625
2020-01-24,3295.46997070312
2020-01-27,3243.6298828125
2020-01-28,3276.23999023438
2020-01-29,3273.39990234375
2020-01-30,3283.65991210938
2020-01-31,3225.52001953125
2020-02-03,3248.919921875
2020-02-04,3297.59008789062
2020-02-05,3334.68994140625
2020-02-06,3345.78002929688
2020-02-07,3327.7099609375
2020-02-10,3352.09008789062
2020-02-11,3357.75
2020-02-12,3379.44995117188
2020-02-13,3373.93994140625
2020-02-14,3380.15991210938
2020-02-18,3370.2900390625
2020-02-19,3386.14990234375
2020-02-20,3373.22998046875
2020-02-21,3337.75
2020-02-24,3225.88989257812
2020-02-25,3128.2099609375
2020-02-26,3116.38989257812
2020-02-27,2978.76000976562
2020-02-28,2954.21997070312
2020-03-02,3090.22998046875
2020-03-03,3003.3701171875
2020-03-04,3130.1201171875
2020-03-05,3023.93994140625
2020-03-06,2972.3701171875
2020-03-09,2746.56005859375
2020-03-10,2882.22998046875
2020-03-11,2741.3798828125
2020-03-12,2480.63989257812
2020-03-13,2711.02001953125
2020-03-16,2386.1298828125
2020-03-17,2529.18994140625
2020-03-18,2398.10009765625
2020-03-19,2409.38989257812
2020-03-20,2304.919921875
2020-03-23,2237.39990234375
2020-03-24,2447.330078125
2020-03-25,2475.56005859375
2020-03-26,2630.07006835938
2020-03-27,2541.46997070312
2020-03-30,2626.64990234375
2020-03-31,2584.59008789062
2020-04-01,2470.5
2020-04-02,2526.89990234375
2020-04-03,2488.64990234375
2020-04-06,2663.67993164062
2020-04-07,2659.40991210938
2020-04-08,2749.97998046875
2020-04-09,2789.82006835938
2020-04-13,2761.6298828125
2020-04-14,2846.06005859375
2020-04-15,2783.36010742188
2020-04-16,2799.55004882812
2020-04-17,2874.56005859375
2020-04-20,2823.15991210938
2020-04-21,2736.56005859375
2020-04-22,2799.31005859375
2020-04-23,2797.80004882812
2020-04-24,2836.73999023438
2020-04-27,2878.47998046875
2020-04-28,2863.38989257812
2020-04-29,2939.51000976562
2020-04-30,2912.42993164062
2020-05-01,2830.7099609375
2020-05-04,2842.73999023438
2020-05-05,2868.43994140625
2020-05-06,2848.419921875
2020-05-07,2881.18994140625
2020-05-08,2929.80004882812
2020-05-11,2930.18994140625
2020-05-12,2870.1201171875
2020-05-13,2820
2020-05-14,2852.5
2020-05-15,2863.69995117188
2020-05-18,2953.90991210938
2020-05-19,2922.93994140625
2020-05-20,2971.61010742188
2020-05-21,2948.51000976562
2020-05-22,2955.44995117188
2020-05-26,2991.77001953125
2020-05-27,3036.1298828125
2020-05-28,3029.72998046875
2020-05-29,3044.31005859375
2020-06-01,3055.72998046875
2020-06-02,3080.82006835938
2020-06-03,3122.8701171875
2020-06-04,3112.35009765625
2020-06-05,3193.92993164062
2020-06-08,3232.38989257812
2020-06-09,3207.17993164062
2020-06-10,3190.13989257812
2020-06-11,3002.10009765625
2020-06-12,3041.31005859375
2020-06-15,3066.59008789062
2020-06-16,3124.73999023438
2020-06-17,3113.48999023438
2020-06-18,3115.34008789062
2020-06-19,3097.73999023438
2020-06-22,3117.86010742188
2020-06-23,3131.2900390625
2020-06-24,3050.330078125
2020-06-25,3083.76000976562
2020-06-26,3009.05004882812
2020-06-29,3053.23999023438
2020-06-30,3100.2900390625
2020-07-01,3115.86010742188
2020-07-02,3130.01000976562
2020-07-06,3179.71997070312
2020-07-07,3145.32006835938
2020-07-08,3169.93994140625
2020-07-09,3152.05004882812
2020-07-10,3185.0400390625
2020-07-13,3155.21997070312
2020-07-14,3197.52001953125
2020-07-15,3226.56005859375
2020-07-16,3215.57006835938
2020-07-17,3224.72998046875
2020-07-20,3251.84008789062
2020-07-21,3257.30004882812
2020-07-22,3276.02001953125
2020-07-23,3235.65991210938
2020-07-24,3215.6298828125
2020-07-27,3239.40991210938
2020-07-28,3218.43994140625
2020-07-29,3258.43994140625
2020-07-30,3246.21997070312
2020-07-31,3271.1201171875
2020-08-03,3294.61010742188
2020-08-04,3306.51000976562
2020-08-05,3327.77001953125
2020-08-06,3349.15991210938
2020-08-07,3351.28002929688
2020-08-10,3360.46997070312
2020-08-11,3333.68994140625
2020-08-12,3380.35009765625
2020-08-13,3373.42993164062
2020-08-14,3372.85009765625
2020-08-17,3381.98999023438
2020-08-18,3389.78002929688
2020-08-19,3374.85009765625
2020-08-20,3385.51000976562
2020-08-21,3397.15991210938
2020-08-24,3431.28002929688
2020-08-25,3443.6201171875
2020-08-26,3478.72998046875
2020-08-27,3484.55004882812
2020-08-28,3508.01000976562
2020-08-31,3500.31005859375
2020-09-01,3526.64990234375
2020-09-02,3580.84008789062
2020-09-03,3455.06005859375
2020-09-04,3426.9599609375
2020-09-08,3331.84008789062
2020-09-09,3398.9599609375
2020-09-10,3339.18994140625
2020-09-11,3340.96997070312
2020-09-14,3383.5400390625
2020-09-15,3401.19995117188
2020-09-16,3385.48999023438
2020-09-17,3357.01000976562
2020-09-18,3319.46997070312
2020-09-21,3281.06005859375
2020-09-22,3315.57006835938
2020-09-23,3236.919921875
2020-09-24,3246.59008789062
2020-09-25,3298.4599609375
2020-09-28,3351.60009765625
2020-09-29,3335.46997070312
2020-09-30,3363
2020-10-01,3380.80004882812
2020-10-02,3348.419921875
2020-10-05,3408.60009765625
2020-10-06,3360.96997070312
2020-10-07,3419.43994140625
2020-10-08,3446.830078125
2020-10-09,3477.13989257812
2020-10-12,3534.21997070312
2020-10-13,3511.92993164062
2020-10-14,3488.669921875
2020-10-15,3483.34008789062
2020-10-16,3483.81005859375
2020-10-19,3426.919921875
2020-10-20,3443.1201171875
2020-10-21,3435.56005859375
2020-10-22,3453.48999023438
2020-10-23,3465.38989257812
2020-10-26,3400.96997070312
2020-10-27,3390.67993164062
2020-10-28,3271.03002929688
2020-10-29,3310.11010742188
2020-10-30,3269.9599609375
2020-11-02,3310.23999023438
2020-11-03,3369.15991210938
2020-11-04,3443.43994140625
2020-11-05,3510.44995117188
2020-11-06,3509.43994140625
2020-11-09,3550.5
2020-11-10,3545.53002929688
2020-11-11,3572.65991210938
2020-11-12,3537.01000976562
2020-11-13,3585.14990234375
2020-11-16,3626.90991210938
2020-11-17,3609.53002929688
2020-11-18,3567.7900390625
2020-11-19,3581.8701171875
2020-11-20,3557.5400390625
2020-11-23,3577.59008789062
2020-11-24,3635.40991210938
2020-11-25,3629.64990234375
2020-11-27,3638.35009765625
2020-11-30,3621.6298828125
2020-12-01,3662.44995117188
2020-12-02,3669.01000976562
2020-12-03,3666.71997070312
2020-12-04,3699.1201171875
2020-12-07,3691.9599609375
2020-12-08,3702.25
2020-12-09,3672.82006835938
2020-12-10,3668.10009765625
2020-12-11,3663.4599609375
2020-12-14,3647.48999023438
2020-12-15,3694.6201171875
2020-12-16,3701.169921875
2020-12-17,3722.47998046875
2020-12-18,3709.40991210938
2020-12-21,3694.919921875
2020-12-22,3687.26000976562
2020-12-23,3690.01000976562
2020-12-24,3703.06005859375
2020-12-28,3735.36010742188
2020-12-29,3727.0400390625
2020-12-30,3732.0400390625
2020-12-31,3756.07006835938
2021-01-04,3700.64990234375
2021-01-05,3726.86010742188
2021-01-06,3748.13989257812
2021-01-07,3803.7900390625
2021-01-08,3824.67993164062
2021-01-11,3799.61010742188
2021-01-12,3801.18994140625
2021-01-13,3809.84008789062
2021-01-14,3795.5400390625
2021-01-15,3768.25
2021-01-19,3798.90991210938
2021-01-20,3851.85009765625
2021-01-21,3853.07006835938
2021-01-22,3841.46997070312
2021-01-25,3855.36010742188
2021-01-26,3849.6201171875
2021-01-27,3750.77001953125
2021-01-28,3787.3798828125
2021-01-29,3714.23999023438
2021-02-01,3773.86010742188
2021-02-02,3826.31005859375
2021-02-03,3830.169921875
2021-02-04,3871.73999023438
2021-02-05,3886.830078125
2021-02-08,3915.59008789062
2021-02-09,3911.22998046875
2021-02-10,3909.8798828125
2021-02-11,3916.3798828125
2021-02-12,3934.830078125
2021-02-16,3932.59008789062
2021-02-17,3931.330078125
2021-02-18,3913.96997070312
2021-02-19,3906.7099609375
2021-02-22,3876.5
2021-02-23,3881.3701171875
2021-02-24,3925.42993164062
2021-02-25,3829.34008789062
2021-02-26,3811.14990234375
2021-03-01,3901.82006835938
2021-03-02,3870.2900390625
2021-03-03,3819.71997070312
2021-03-04,3768.46997070312
2021-03-05,3841.93994140625
2021-03-08,3821.35009765625
2021-03-09,3875.43994140625
2021-03-10,3898.81005859375
2021-03-11,3939.34008789062
2021-03-12,3943.34008789062
2021-03-15,3968.93994140625
2021-03-16,3962.7099609375
2021-03-17,3974.1201171875
2021-03-18,3915.4599609375
2021-03-19,3913.10009765625
2021-03-22,3940.59008789062
2021-03-23,3910.52001953125
2021-03-24,3889.13989257812
2021-03-25,3909.52001953125
2021-03-26,3974.5400390625
2021-03-29,3971.09008789062
2021-03-30,3958.55004882812
2021-03-31,3972.88989257812
2021-04-01,4019.8701171875
2021-04-05,4077.90991210938
2021-04-06,4073.93994140625
2021-04-07,4079.94995117188
2021-04-08,4097.169921875
2021-04-09,4128.7998046875
2021-04-12,4127.990234375
2021-04-13,4141.58984375
2021-04-14,4124.66015625
2021-04-15,4170.419921875
2021-04-16,4185.47021484375
2021-04-19,4163.259765625
2021-04-20,4134.93994140625
2021-04-21,4173.419921875
2021-04-22,4134.97998046875
2021-04-23,4180.169921875
2021-04-26,4187.6201171875
2021-04-27,4186.72021484375
2021-04-28,4183.18017578125
2021-04-29,4211.47021484375
2021-04-30,4181.169921875
2021-05-03,4192.66015625
2021-05-04,4164.66015625
2021-05-05,4167.58984375
2021-05-06,4201.6201171875
2021-05-07,4232.60009765625
2021-05-10,4188.43017578125
2021-05-11,4152.10009765625
2021-05-12,4063.0400390625
2021-05-13,4112.5
2021-05-14,4173.85009765625
2021-05-17,4163.2900390625
2021-05-18,4127.830078125
2021-05-19,4115.68017578125
2021-05-20,4159.1201171875
2021-05-21,4155.85986328125
2021-05-24,4197.0498046875
2021-05-25,4188.1298828125
2021-05-26,4195.990234375
2021-05-27,4200.8798828125
2021-05-28,4204.10986328125
2021-06-01,4202.0400390625
2021-06-02,4208.1201171875
2021-06-03,4192.85009765625
2021-06-04,4229.89013671875
2021-06-07,4226.52001953125
2021-06-08,4227.259765625
2021-06-09,4219.5498046875
2021-06-10,4239.18017578125
2021-06-11,4247.43994140625
2021-06-14,4255.14990234375
2021-06-15,4246.58984375
2021-06-16,4223.7001953125
2021-06-17,4221.85986328125
2021-06-18,4166.4501953125
2021-06-21,4224.7900390625
2021-06-22,4246.43994140625
2021-06-23,4241.83984375
2021-06-24,4266.490234375
2021-06-25,4280.7001953125
2021-06-28,4290.60986328125
2021-06-29,4291.7998046875
2021-06-30,4297.5
2021-07-01,4319.93994140625
2021-07-02,4352.33984375
2021-07-06,4343.5400390625
2021-07-07,4358.1298828125
2021-07-08,4320.81982421875
2021-07-09,4369.5498046875
2021-07-12,4384.6298828125
2021-07-13,4369.2099609375
2021-07-14,4374.2998046875
2021-07-15,4360.02978515625
2021-07-16,4327.16015625
2021-07-19,4258.490234375
2021-07-20,4323.06005859375
2021-07-21,4358.68994140625
2021-07-22,4367.47998046875
2021-07-23,4411.7900390625
2021-07-26,4422.2998046875
2021-07-27,4401.4599609375
2021-07-28,4400.64013671875
2021-07-29,4419.14990234375
2021-07-30,4395.259765625
2021-08-02,4387.16015625
2021-08-03,4423.14990234375
2021-08-04,4402.66015625
2021-08-05,4429.10009765625
2021-08-06,4436.52001953125
2021-08-09,4432.35009765625
2021-08-10,4436.75
2021-08-11,4442.41015625
2021-08-12,4460.830078125
2021-08-13,4468
2021-08-16,4479.7099609375
2021-08-17,4448.080078125
2021-08-18,4400.27001953125
2021-08-19,4405.7998046875
2021-08-20,4441.669921875
2021-08-23,4479.52978515625
2021-08-24,4486.22998046875
2021-08-25,4496.18994140625
2021-08-26,4470
2021-08-27,4509.3701171875
2021-08-30,4528.7900390625
2021-08-31,4522.68017578125
2021-09-01,4524.08984375
2021-09-02,4536.9501953125
2021-09-03,4535.43017578125
2021-09-07,4520.02978515625
2021-09-08,4514.06982421875
2021-09-09,4493.27978515625
2021-09-10,4458.580078125
2021-09-13,4468.72998046875
2021-09-14,4443.0498046875
2021-09-15,4480.7001953125
2021-09-16,4473.75
2021-09-17,4432.990234375
2021-09-20,4357.72998046875
2021-09-21,4354.18994140625
2021-09-22,4395.64013671875
2021-09-23,4448.97998046875
2021-09-24,4455.47998046875
2021-09-27,4443.10986328125
2021-09-28,4352.6298828125
2021-09-29,4359.4599609375
2021-09-30,4307.5400390625
2021-10-01,4357.0400390625
2021-10-04,4300.4599609375
2021-10-05,4345.72021484375
2021-10-06,4363.5498046875
2021-10-07,4399.759765625
2021-10-08,4391.33984375
2021-10-11,4361.18994140625
2021-10-12,4350.64990234375
2021-10-13,4363.7998046875
2021-10-14,4438.259765625
2021-10-15,4471.3701171875
2021-10-18,4486.4599609375
2021-10-19,4519.6298828125
2021-10-20,4536.18994140625
2021-10-21,4549.77978515625
2021-10-22,4544.89990234375
2021-10-25,4566.47998046875
2021-10-26,4574.7900390625
2021-10-27,4551.68017578125
2021-10-28,4596.419921875
2021-10-29,4605.3798828125
2021-11-01,4613.669921875
2021-11-02,4630.64990234375
2021-11-03,4660.56982421875
2021-11-04,4680.06005859375
2021-11-05,4697.52978515625
2021-11-08,4701.7001953125
2021-11-09,4685.25
2021-11-10,4646.7099609375
2021-11-11,4649.27001953125
2021-11-12,4682.85009765625
2021-11-15,4682.7998046875
2021-11-16,4700.89990234375
2021-11-17,4688.669921875
2021-11-18,4704.5400390625
2021-11-19,4697.9599609375
2021-11-22,4682.93994140625
2021-11-23,4690.7001953125
2021-11-24,4701.4599609375
2021-11-26,4594.6201171875
2021-11-29,4655.27001953125
2021-11-30,4567
2021-12-01,4513.0400390625
2021-12-02,4577.10009765625
2021-12-03,4538.43017578125
2021-12-06,4591.669921875
2021-12-07,4686.75
2021-12-08,4701.2099609375
2021-12-09,4667.4501953125
2021-12-10,4712.02001953125
2021-12-13,4668.97021484375
2021-12-14,4634.08984375
2021-12-15,4709.85009765625
2021-12-16,4668.669921875
2021-12-17,4620.64013671875
2021-12-20,4568.02001953125
2021-12-21,4649.22998046875
2021-12-22,4696.56005859375
2021-12-23,4725.7900390625
2021-12-27,4791.18994140625
2021-12-28,4786.35009765625
2021-12-29,4793.06005859375
2021-12-30,4778.72998046875
2021-12-31,4766.18017578125
2022-01-03,4796.56005859375
2022-01-04,4793.5400390625
2022-01-05,4700.580078125
2022-01-06,4696.0498046875
2022-01-07,4677.02978515625
2022-01-10,4670.2900390625
2022-01-11,4713.06982421875
2022-01-12,4726.35009765625
2022-01-13,4659.02978515625
2022-01-14,4662.85009765625
2022-01-18,4577.10986328125
2022-01-19,4532.759765625
2022-01-20,4482.72998046875
2022-01-21,4397.93994140625
2022-01-24,4410.1298828125
2022-01-25,4356.4501953125
2022-01-26,4349.93017578125
2022-01-27,4326.509765625
2022-01-28,4431.85009765625
2022-01-31,4515.5498046875
2022-02-01,4546.5400390625
2022-02-02,4589.3798828125
2022-02-03,4477.43994140625
2022-02-04,4500.52978515625
2022-02-07,4483.8701171875
2022-02-08,4521.5400390625
2022-02-09,4587.18017578125
2022-02-10,4504.080078125
2022-02-11,4418.64013671875
2022-02-14,4401.669921875
2022-02-15,4471.06982421875
2022-02-16,4475.009765625
2022-02-17,4380.259765625
2022-02-18,4348.8701171875
2022-02-22,4304.759765625
2022-02-23,4225.5
2022-02-24,4288.7001953125
2022-02-25,4384.64990234375
2022-02-28,4373.93994140625
2022-03-01,4306.259765625
2022-03-02,4386.5400390625
2022-03-03,4363.490234375
2022-03-04,4328.8701171875
2022-03-07,4201.08984375
2022-03-08,4170.7001953125
2022-03-09,4277.8798828125
2022-03-10,4259.52001953125
2022-03-11,4204.31005859375
2022-03-14,4173.10986328125
2022-03-15,4262.4501953125
2022-03-16,4357.85986328125
2022-03-17,4411.669921875
2022-03-18,4463.1201171875
2022-03-21,4461.18017578125
2022-03-22,4511.60986328125
2022-03-23,4456.240234375
2022-03-24,4520.16015625
2022-03-25,4543.06005859375
2022-03-28,4575.52001953125
2022-03-29,4631.60009765625
2022-03-30,4602.4501953125
2022-03-31,4530.41015625
2022-04-01,4545.85986328125
2022-04-04,4582.64013671875
2022-04-05,4525.1201171875
2022-04-06,4481.14990234375
2022-04-07,4500.2099609375
2022-04-08,4488.27978515625
2022-04-11,4412.52978515625
2022-04-12,4397.4501953125
2022-04-13,4446.58984375
2022-04-14,4392.58984375
2022-04-18,4391.68994140625
2022-04-19,4462.2099609375
2022-04-20,4459.4501953125
2022-04-21,4393.66015625
2022-04-22,4271.77978515625
2022-04-25,4296.1201171875
2022-04-26,4175.2001953125
2022-04-27,4183.9599609375
2022-04-28,4287.5
2022-04-29,4131.93017578125
2022-05-02,4155.3798828125
2022-05-03,4175.47998046875
2022-05-04,4300.169921875
2022-05-05,4146.8701171875
2022-05-06,4123.33984375
2022-05-09,3991.23999023438
2022-05-10,4001.05004882812
2022-05-11,3935.17993164062
2022-05-12,3930.080078125
2022-05-13,4023.88989257812
2022-05-16,4008.01000976562
2022-05-17,4088.85009765625
2022-05-18,3923.67993164062
2022-05-19,3900.7900390625
2022-05-20,3901.36010742188
2022-05-23,3973.75
2022-05-24,3941.47998046875
2022-05-25,3978.72998046875
2022-05-26,4057.84008789062
2022-05-27,4158.240234375
2022-05-31,4132.14990234375
2022-06-01,4101.22998046875
2022-06-02,4176.81982421875
2022-06-03,4108.5400390625
2022-06-06,4121.43017578125
2022-06-07,4160.68017578125
2022-06-08,4115.77001953125
2022-06-09,4017.82006835938
2022-06-10,3900.86010742188
2022-06-13,3749.6298828125
2022-06-14,3735.47998046875
2022-06-15,3789.98999023438
2022-06-16,3666.77001953125
2022-06-17,3674.84008789062
2022-06-21,3764.7900390625
2022-06-22,3759.88989257812
2022-06-23,3795.72998046875
2022-06-24,3911.73999023438
2022-06-27,3900.11010742188
2022-06-28,3821.55004882812
2022-06-29,3818.830078125
2022-06-30,3785.3798828125
2022-07-01,3825.330078125
2022-07-05,3831.38989257812
2022-07-06,3845.080078125
2022-07-07,3902.6201171875
2022-07-08,3899.3798828125
2022-07-11,3854.42993164062
2022-07-12,3818.80004882812
2022-07-13,3801.78002929688
2022-07-14,3790.3798828125
2022-07-15,3863.15991210938
2022-07-18,3830.85009765625
2022-07-19,3936.68994140625
2022-07-20,3959.89990234375
2022-07-21,3998.94995117188
2022-07-22,3961.6298828125
2022-07-25,3966.84008789062
2022-07-26,3921.05004882812
2022-07-27,4023.61010742188
2022-07-28,4072.42993164062
2022-07-29,4130.2900390625
2022-08-01,4118.6298828125
2022-08-02,4091.18994140625
2022-08-03,4155.169921875
2022-08-04,4151.93994140625
2022-08-05,4145.18994140625
2022-08-08,4140.06005859375
2022-08-09,4122.47021484375
2022-08-10,4210.240234375
2022-08-11,4207.27001953125
2022-08-12,4280.14990234375
2022-08-15,4297.14013671875
2022-08-16,4305.2001953125
2022-08-17,4274.0400390625
2022-08-18,4283.740234375
2022-08-19,4228.47998046875
2022-08-22,4137.990234375
2022-08-23,4128.72998046875
2022-08-24,4140.77001953125
2022-08-25,4199.1201171875
2022-08-26,4057.65991210938
2022-08-29,4030.61010742188
2022-08-30,3986.15991210938
2022-08-31,3955
2022-09-01,3966.85009765625
2022-09-02,3924.26000976562
2022-09-06,3908.18994140625
2022-09-07,3979.8701171875
2022-09-08,4006.17993164062
2022-09-09,4067.36010742188
2022-09-12,4110.41015625
2022-09-13,3932.68994140625
2022-09-14,3946.01000976562
2022-09-15,3901.35009765625
2022-09-16,3873.330078125
2022-09-19,3899.88989257812
2022-09-20,3855.92993164062
2022-09-21,3789.92993164062
2022-09-22,3757.98999023438
2022-09-23,3693.22998046875
2022-09-26,3655.0400390625
2022-09-27,3647.2900390625
2022-09-28,3719.0400390625
2022-09-29,3640.46997070312
2022-09-30,3585.6201171875
2022-10-03,3678.42993164062
2022-10-04,3790.92993164062
2022-10-05,3783.28002929688
2022-10-06,3744.52001953125
2022-10-07,3639.65991210938
2022-10-10,3612.38989257812
2022-10-11,3588.84008789062
2022-10-12,3577.03002929688
2022-10-13,3669.90991210938
2022-10-14,3583.07006835938
2022-10-17,3677.94995117188
2022-10-18,3719.97998046875
2022-10-19,3695.15991210938
2022-10-20,3665.78002929688
2022-10-21,3752.75
2022-10-24,3797.34008789062
2022-10-25,3859.11010742188
2022-10-26,3830.60009765625
2022-10-27,3807.30004882812
2022-10-28,3901.06005859375
2022-10-31,3871.97998046875
2022-11-01,3856.10009765625
2022-11-02,3759.68994140625
2022-11-03,3719.88989257812
2022-11-04,3770.55004882812
2022-11-07,3806.80004882812
2022-11-08,3828.11010742188
2022-11-09,3748.57006835938
2022-11-10,3956.3701171875
2022-11-11,3992.92993164062
2022-11-14,3957.25
2022-11-15,3991.72998046875
2022-11-16,3958.7900390625
2022-11-17,3946.56005859375
2022-11-18,3965.34008789062
2022-11-21,3949.93994140625
2022-11-22,4003.580078125
2022-11-23,4027.26000976562
2022-11-25,4026.1201171875
2022-11-28,3963.93994140625
2022-11-29,3957.6298828125
2022-11-30,4080.11010742188
2022-12-01,4076.57006835938
2022-12-02,4071.69995117188
2022-12-05,3998.84008789062
2022-12-06,3941.26000976562
2022-12-07,3933.919921875
2022-12-08,3963.51000976562
2022-12-09,3934.3798828125
2022-12-12,3990.56005859375
2022-12-13,4019.64990234375
2022-12-14,3995.32006835938
2022-12-15,3895.75
2022-12-16,3852.36010742188
2022-12-19,3817.65991210938
2022-12-20,3821.6201171875
2022-12-21,3878.43994140625
2022-12-22,3822.38989257812
2022-12-23,3844.82006835938
2022-12-27,3829.25
2022-12-28,3783.21997070312
2022-12-29,3849.28002929688
2022-12-30,3839.5
2023-01-03,3824.13989257812
2023-01-04,3852.96997070312
2023-01-05,3808.10009765625
2023-01-06,3895.080078125
2023-01-09,3892.09008789062
2023-01-10,3919.25
2023-01-11,3969.61010742188
2023-01-12,3983.169921875
2023-01-13,3999.09008789062
2023-01-17,3990.96997070312
2023-01-18,3928.86010742188
2023-01-19,3898.85009765625
2023-01-20,3972.61010742188
2023-01-23,4019.81005859375
2023-01-24,4016.94995117188
2023-01-25,4016.21997070312
2023-01-26,4060.42993164062
2023-01-27,4070.56005859375
2023-01-30,4017.77001953125
2023-01-31,4076.60009765625
2023-02-01,4119.2099609375
2023-02-02,4179.759765625
2023-02-03,4136.47998046875
2023-02-06,4111.080078125
2023-02-07,4164
2023-02-08,4117.85986328125
2023-02-09,4081.5
2023-02-10,4090.4599609375
2023-02-13,4137.2900390625
2023-02-14,4136.1298828125
2023-02-15,4147.60009765625
2023-02-16,4090.40991210938
2023-02-17,4079.09008789062
2023-02-21,3997.34008789062
2023-02-22,3991.05004882812
2023-02-23,4012.32006835938
2023-02-24,3970.0400390625
2023-02-27,3982.23999023438
2023-02-28,3970.14990234375
2023-03-01,3951.38989257812
2023-03-02,3981.35009765625
2023-03-03,4045.63989257812
2023-03-06,4048.419921875
2023-03-07,3986.3701171875
2023-03-08,3992.01000976562
2023-03-09,3918.32006835938
2023-03-10,3861.59008789062
2023-03-13,3855.76000976562
2023-03-14,3919.2900390625
2023-03-15,3891.92993164062
2023-03-16,3960.28002929688
2023-03-17,3916.63989257812
2023-03-20,3951.57006835938
2023-03-21,4002.8701171875
2023-03-22,3936.96997070312
2023-03-23,3948.71997070312
2023-03-24,3970.98999023438
2023-03-27,3977.53002929688
2023-03-28,3971.27001953125
2023-03-29,4027.81005859375
2023-03-30,4050.830078125
2023-03-31,4109.31005859375
2023-04-03,4124.509765625
2023-04-04,4100.60009765625
2023-04-05,4090.3798828125
2023-04-06,4105.02001953125
2023-04-10,4109.10986328125
2023-04-11,4108.93994140625
2023-04-12,4091.94995117188
2023-04-13,4146.22021484375
2023-04-14,4137.64013671875
2023-04-17,4151.31982421875
2023-04-18,4154.8701171875
2023-04-19,4154.52001953125
2023-04-20,4129.7900390625
2023-04-21,4133.52001953125
2023-04-24,4137.0400390625
2023-04-25,4071.6298828125
2023-04-26,4055.98999023438
2023-04-27,4135.35009765625
2023-04-28,4169.47998046875
2023-05-01,4167.8701171875
2023-05-02,4119.580078125
2023-05-03,4090.75
2023-05-04,4061.21997070312
2023-05-05,4136.25
2023-05-08,4138.1201171875
2023-05-09,4119.169921875
2023-05-10,4137.64013671875
2023-05-11,4130.6201171875
2023-05-12,4124.080078125
2023-05-15,4136.27978515625
2023-05-16,4109.89990234375
2023-05-17,4158.77001953125
2023-05-18,4198.0498046875
2023-05-19,4191.97998046875
2023-05-22,4192.6298828125
2023-05-23,4145.580078125
2023-05-24,4115.240234375
2023-05-25,4151.27978515625
2023-05-26,4205.4501953125
2023-05-30,4205.52001953125
2023-05-31,4179.830078125
2023-06-01,4221.02001953125
2023-06-02,4282.3701171875
2023-06-05,4273.7900390625
2023-06-06,4283.85009765625
2023-06-07,4267.52001953125
2023-06-08,4293.93017578125
2023-06-09,4298.85986328125
2023-06-12,4338.93017578125
2023-06-13,4369.009765625
2023-06-14,4372.58984375
2023-06-15,4425.83984375
2023-06-16,4409.58984375
2023-06-20,4388.7099609375
2023-06-21,4365.68994140625
2023-06-22,4381.89013671875
2023-06-23,4348.330078125
2023-06-26,4328.81982421875
2023-06-27,4378.41015625
2023-06-28,4376.85986328125
2023-06-29,4396.43994140625
2023-06-30,4450.3798828125
2023-07-03,4455.58984375
2023-07-05,4446.81982421875
2023-07-06,4411.58984375
2023-07-07,4398.9501953125
2023-07-10,4409.52978515625
2023-07-11,4439.259765625
2023-07-12,4472.16015625
2023-07-13,4510.0400390625
2023-07-14,4505.419921875
2023-07-17,4522.7900390625
2023-07-18,4554.97998046875
2023-07-19,4565.72021484375
2023-07-20,4534.8701171875
2023-07-21,4536.33984375
2023-07-24,4554.64013671875
2023-07-25,4567.4599609375
2023-07-26,4566.75
2023-07-27,4537.41015625
2023-07-28,4582.22998046875
2023-07-31,4588.9599609375
2023-08-01,4576.72998046875
2023-08-02,4513.39013671875
2023-08-03,4501.89013671875
2023-08-04,4478.02978515625
2023-08-07,4518.43994140625
2023-08-08,4499.3798828125
2023-08-09,4467.7099609375
2023-08-10,4468.830078125
2023-08-11,4464.0498046875
2023-08-14,4489.72021484375
2023-08-15,4437.85986328125
2023-08-16,4404.330078125
2023-08-17,4370.35986328125
2023-08-18,4369.7099609375
2023-08-21,4399.77001953125
2023-08-22,4387.5498046875
2023-08-23,4436.009765625
2023-08-24,4376.31005859375
2023-08-25,4405.7099609375
2023-08-28,4433.31005859375
2023-08-29,4497.6298828125
2023-08-30,4514.8701171875
2023-08-31,4507.66015625
2023-09-01,4515.77001953125
2023-09-05,4496.830078125
2023-09-06,4465.47998046875
2023-09-07,4451.14013671875
2023-09-08,4457.490234375
2023-09-11,4487.4599609375
2023-09-12,4461.89990234375
2023-09-13,4467.43994140625
2023-09-14,4505.10009765625
2023-09-15,4450.31982421875
2023-09-18,4453.52978515625
2023-09-19,4443.9501953125
2023-09-20,4402.2001953125
2023-09-21,4330
2023-09-22,4320.06005859375
2023-09-25,4337.43994140625
2023-09-26,4273.52978515625
2023-09-27,4274.509765625
2023-09-28,4299.7001953125
2023-09-29,4288.0498046875
2023-10-02,4288.39013671875
2023-10-03,4229.4501953125
2023-10-04,4263.75
2023-10-05,4258.18994140625
2023-10-06,4308.5
2023-10-09,4335.66015625
2023-10-10,4358.240234375
2023-10-11,4376.9501953125
2023-10-12,4349.60986328125
2023-10-13,4327.77978515625
2023-10-16,4373.6298828125
2023-10-17,4373.2001953125
2023-10-18,4314.60009765625
2023-10-19,4278
2023-10-20,4224.16015625
2023-10-23,4217.0400390625
2023-10-24,4247.68017578125
2023-10-25,4186.77001953125
2023-10-26,4137.22998046875
2023-10-27,4117.3701171875
2023-10-30,4166.81982421875
2023-10-31,4193.7998046875
2023-11-01,4237.85986328125
2023-11-02,4317.77978515625
2023-11-03,4358.33984375
2023-11-06,4365.97998046875
2023-11-07,4378.3798828125
2023-11-08,4382.77978515625
2023-11-09,4347.35009765625
2023-11-10,4415.240234375
